{
  "claws-mail-plugins": {
    "debian/3.11.1-3+deb8u1": {
      "mean": 1045.6013948497855,
      "median": 70.0,
      "std_dev": 13339.21818053182
    },
    "3.14.1-3": {
      "mean": 1367.5534441805225,
      "median": 1.0,
      "std_dev": 27444.751177456714
    },
    "debian/3.17.8-1": {
      "mean": 993.9239643418982,
      "median": 65.0,
      "std_dev": 13188.39060026099
    },
    "debian/3.17.3-2": {
      "mean": 1021.3227777777778,
      "median": 66.0,
      "std_dev": 13554.212012373499
    }
  },
  "icinga2-bin": {
    "debian/2.10.3-2": {
      "mean": 196.13120830244625,
      "median": 55.0,
      "std_dev": 1919.4170356363359
    },
    "debian/2.12.3-1": {
      "mean": 225.4683072334079,
      "median": 43.0,
      "std_dev": 2030.2987293934061
    },
    "debian/2.6.0-2": {
      "mean": 178.33958183129056,
      "median": 51.0,
      "std_dev": 1884.881144630868
    }
  },
  "libavc1394-dev": {
    "debian/0.5.4-5": {
      "mean": 465.2475247524753,
      "median": 40.0,
      "std_dev": 1773.5870483118154
    }
  },
  "golly": {
    "debian/3.2-2": {
      "mean": 342.18446601941747,
      "median": 76.0,
      "std_dev": 976.5999344622676
    },
    "debian/3.3-1": {
      "mean": 346.6185925282363,
      "median": 77.0,
      "std_dev": 987.4409648410132
    },
    "debian/2.8-1": {
      "mean": 306.05809523809523,
      "median": 81.0,
      "std_dev": 914.5222950007916
    }
  },
  "libghc-dependent-sum-template-prof": {
    "haskell-dependent-sum-template_v0.0.0.5-3": {
      "mean": 23.22698720068011,
      "median": 1.0,
      "std_dev": 1369.5509695763726
    }
  },
  "libgeoip2-perl": {
    "archive/debian/2.006002-1": {
      "mean": 320.0918918918919,
      "median": 25.0,
      "std_dev": 1564.631702519431
    },
    "debian/2.006001-2": {
      "mean": 316.4516129032258,
      "median": 24.0,
      "std_dev": 1559.3079317932404
    }
  }
}